1   ,"Ar, MoO3 (amorphous) --> MoO3"
,
,Babenko (Ne->MoO3)
,125070107773-4 (2025)
,
Sputtering yields,
,
angle in degree,0
energy in eV,
1.00E-10,1.00E-10
17,0.000001
28,0.0001
70,0.00257
140,0.01106
350,0.03289
700,0.06136
3500,0.1456
